{
  "name": "English Built-in Model",
  "version": "1.0.0",
  "language": "en",
  "description": "Basic English language model for audio transcription",
  "vocabulary": [
    "this",
    "is",
    "a",
    "placeholder",
    "transcription",
    "the",
    "actual",
    "transcription",
    "would",
    "require",
    "more",
    "sophisticated",
    "speech",
    "recognition",
    "engine",
    "for",
    "better",
    "results",
    "consider",
    "using",
    "external",
    "service",
    "plugin",
    "provides",
    "basic",
    "demonstration",
    "audio",
    "capabilities",
    "you",
    "can",
    "improve",
    "quality",
    "by",
    "using",
    "microphone",
    "reducing",
    "background",
    "noise"
  ],
  "phrases": [
    "This is a placeholder transcription.",
    "The actual transcription would require a more sophisticated speech recognition engine.",
    "For better results, consider using an external speech recognition service.",
    "This plugin provides a basic demonstration of audio transcription capabilities.",
    "You can improve transcription quality by using a better microphone and reducing background noise."
  ]
}

